CREATE DATABASE  IF NOT EXISTS `census` /*!40100 DEFAULT CHARACTER SET utf8mb4 COLLATE utf8mb4_0900_ai_ci */;
USE `census`;
-- MySQL dump 10.13  Distrib 8.0.18, for Win64 (x86_64)
--
-- Host: localhost    Database: census
-- ------------------------------------------------------
-- Server version	8.0.13

/*!40101 SET @OLD_CHARACTER_SET_CLIENT=@@CHARACTER_SET_CLIENT */;
/*!40101 SET @OLD_CHARACTER_SET_RESULTS=@@CHARACTER_SET_RESULTS */;
/*!40101 SET @OLD_COLLATION_CONNECTION=@@COLLATION_CONNECTION */;
/*!50503 SET NAMES utf8 */;
/*!40103 SET @OLD_TIME_ZONE=@@TIME_ZONE */;
/*!40103 SET TIME_ZONE='+00:00' */;
/*!40014 SET @OLD_UNIQUE_CHECKS=@@UNIQUE_CHECKS, UNIQUE_CHECKS=0 */;
/*!40014 SET @OLD_FOREIGN_KEY_CHECKS=@@FOREIGN_KEY_CHECKS, FOREIGN_KEY_CHECKS=0 */;
/*!40101 SET @OLD_SQL_MODE=@@SQL_MODE, SQL_MODE='NO_AUTO_VALUE_ON_ZERO' */;
/*!40111 SET @OLD_SQL_NOTES=@@SQL_NOTES, SQL_NOTES=0 */;

--
-- Table structure for table `county`
--

DROP TABLE IF EXISTS `county`;
/*!40101 SET @saved_cs_client     = @@character_set_client */;
/*!50503 SET character_set_client = utf8mb4 */;
CREATE TABLE `county` (
  `county_id` int(11) NOT NULL AUTO_INCREMENT,
  `name` varchar(45) DEFAULT NULL,
  `state` int(11) DEFAULT NULL,
  `area` double DEFAULT NULL,
  `location` varchar(45) DEFAULT NULL,
  PRIMARY KEY (`county_id`),
  KEY `states_idx` (`state`),
  CONSTRAINT `states` FOREIGN KEY (`state`) REFERENCES `state` (`state_id`)
) ENGINE=InnoDB AUTO_INCREMENT=116 DEFAULT CHARSET=utf8mb4 COLLATE=utf8mb4_0900_ai_ci;
/*!40101 SET character_set_client = @saved_cs_client */;

--
-- Dumping data for table `county`
--

LOCK TABLES `county` WRITE;
/*!40000 ALTER TABLE `county` DISABLE KEYS */;
INSERT INTO `county` VALUES (1,'Andrew',29,432.7031817,'Andrew County, Missouri'),(2,'Audrain',29,692.2346414,'Audrain County, Missouri'),(3,'Bates',29,836.6883387,'Bates County, Missouri'),(4,'Caldwell',29,426.3919549,'Caldwell County, Missouri'),(5,'Cape Girardeau',29,578.5345677,'Cape Girardeau County, Missouri'),(6,'Carroll',29,694.6213495,'Carroll County, Missouri'),(7,'Cass',29,696.5827692,'Cass County, Missouri'),(8,'Chariton',29,751.1767828,'Chariton County, Missouri'),(9,'Clark',29,504.6922208,'Clark County, Missouri'),(10,'Dade',29,490.0110475,'Dade County, Missouri'),(11,'Franklin',29,922.681441,'Franklin County, Missouri'),(12,'Gasconade',29,519.0041752,'Gasconade County, Missouri'),(13,'Gentry',29,491.421651,'Gentry County, Missouri'),(14,'Harrison',29,722.5037062,'Harrison County, Missouri'),(15,'Henry',29,696.9433993,'Henry County, Missouri'),(16,'Holt',29,462.6928985,'Holt County, Missouri'),(17,'Howard',29,463.7828398,'Howard County, Missouri'),(18,'Howell',29,927.2480091,'Howell County, Missouri'),(19,'Jefferson',29,656.6523,'Jefferson County, Missouri'),(20,'Johnson',29,829.2828305,'Johnson County, Missouri'),(21,'Knox',29,504.0085581,'Knox County, Missouri'),(22,'Lafayette',29,628.4352056,'Lafayette County, Missouri'),(23,'Lewis',29,505.0417365,'Lewis County, Missouri'),(24,'Linn',29,615.56378,'Linn County, Missouri'),(25,'Macon',29,801.2072595,'Macon County, Missouri'),(26,'Maries',29,526.9787808,'Maries County, Missouri'),(27,'Marion',29,436.9236348,'Marion County, Missouri'),(28,'Mercer',29,453.8349959,'Mercer County, Missouri'),(29,'Miller',29,592.59446,'Miller County, Missouri'),(30,'Monroe',29,647.6530601,'Monroe County, Missouri'),(31,'Montgomery',29,535.0467658,'Montgomery County, Missouri'),(32,'Newton',29,624.753291,'Newton County, Missouri'),(33,'Osage',29,606.5730582,'Osage County, Missouri'),(34,'Perry',29,474.3553423,'Perry County, Missouri'),(35,'Phelps',29,671.7781945,'Phelps County, Missouri'),(36,'Polk',29,635.5261951,'Polk County, Missouri'),(37,'Ralls',29,469.7809328,'Ralls County, Missouri'),(38,'Ray',29,568.8056351,'Ray County, Missouri'),(39,'Ste. Genevieve',29,499.1528579,'Ste. Genevieve County, Missouri'),(40,'Shannon',29,1003.820301,'Shannon County, Missouri'),(41,'Shelby',29,500.8631863,'Shelby County, Missouri'),(42,'Stoddard',29,823.2177364,'Stoddard County, Missouri'),(43,'Vernon',29,826.3930095,'Vernon County, Missouri'),(44,'Atchison',29,547.2851571,'Atchison County, Missouri'),(45,'Barton',29,591.9205715,'Barton County, Missouri'),(46,'Butler',29,694.668935,'Butler County, Missouri'),(47,'Callaway',29,834.5774321,'Callaway County, Missouri'),(48,'Christian',29,562.6446642,'Christian County, Missouri'),(49,'Clay',29,397.6391934,'Clay County, Missouri'),(50,'Clinton',29,418.9580014,'Clinton County, Missouri'),(51,'Cole',29,391.5125944,'Cole County, Missouri'),(52,'Cooper',29,564.7661352,'Cooper County, Missouri'),(53,'Dent',29,752.7601264,'Dent County, Missouri'),(54,'Douglas',29,813.6310925,'Douglas County, Missouri'),(55,'Greene',29,675.3191877,'Greene County, Missouri'),(56,'Laclede',29,764.7242599,'Laclede County, Missouri'),(57,'Lincoln',29,626.5572931,'Lincoln County, Missouri'),(58,'Livingston',29,532.3212568,'Livingston County, Missouri'),(59,'Madison',29,494.3894561,'Madison County, Missouri'),(60,'Pettis',29,682.2227895,'Pettis County, Missouri'),(61,'Pike',29,670.4385306,'Pike County, Missouri'),(62,'Platte',29,420.1958294,'Platte County, Missouri'),(63,'Randolph',29,482.7116274,'Randolph County, Missouri'),(64,'St. Charles',29,560.4243727,'St. Charles County, Missouri'),(65,'St. Francois',29,451.9082287,'St. Francois County, Missouri'),(66,'Scott',29,419.9885019,'Scott County, Missouri'),(67,'Stone',29,464.035935,'Stone County, Missouri'),(68,'Taney',29,632.4398181,'Taney County, Missouri'),(69,'Warren',29,428.6004634,'Warren County, Missouri'),(70,'Worth',29,266.6125291,'Worth County, Missouri'),(71,'Adair',29,567.3236274,'Adair County, Missouri'),(72,'Barry',29,778.2500542,'Barry County, Missouri'),(73,'Bollinger',29,617.9048701,'Bollinger County, Missouri'),(74,'Boone',29,685.5552988,'Boone County, Missouri'),(75,'Camden',29,655.9983934,'Camden County, Missouri'),(76,'Cedar',29,474.4827544,'Cedar County, Missouri'),(77,'Crawford',29,742.516096,'Crawford County, Missouri'),(78,'Daviess',29,563.2360779,'Daviess County, Missouri'),(79,'Grundy',29,435.2851172,'Grundy County, Missouri'),(80,'Jasper',29,638.4791086,'Jasper County, Missouri'),(81,'Lawrence',29,611.7366393,'Lawrence County, Missouri'),(82,'Morgan',29,597.6297919,'Morgan County, Missouri'),(83,'Nodaway',29,876.9637414,'Nodaway County, Missouri'),(84,'Putnam',29,517.3163917,'Putnam County, Missouri'),(85,'St. Clair',29,674.9805021,'St. Clair County, Missouri'),(86,'St. Louis',29,507.7712846,'St. Louis County, Missouri'),(87,'Schuyler',29,307.3049162,'Schuyler County, Missouri'),(88,'Scotland',29,436.6691226,'Scotland County, Missouri'),(89,'Wright',29,681.7712467,'Wright County, Missouri'),(90,'Benton',29,704.0429228,'Benton County, Missouri'),(91,'Carter',29,507.3581794,'Carter County, Missouri'),(92,'Dallas',29,540.7661256,'Dallas County, Missouri'),(93,'DeKalb',29,421.3574578,'DeKalb County, Missouri'),(94,'Iron',29,550.2639623,'Iron County, Missouri'),(95,'Moniteau',29,415.0253182,'Moniteau County, Missouri'),(96,'Pulaski',29,547.1008533,'Pulaski County, Missouri'),(97,'Reynolds',29,808.4772119,'Reynolds County, Missouri'),(98,'Sullivan',29,647.9812676,'Sullivan County, Missouri'),(99,'Texas',29,1177.265363,'Texas County, Missouri'),(100,'Webster',29,592.5624348,'Webster County, Missouri'),(101,'Buchanan',29,408.0256781,'Buchanan County, Missouri'),(102,'Hickory',29,398.8075523,'Hickory County, Missouri'),(103,'Oregon',29,789.7952075,'Oregon County, Missouri'),(104,'Ripley',29,629.5388245,'Ripley County, Missouri'),(105,'Saline',29,755.4923456,'Saline County, Missouri'),(106,'Wayne',29,759.1760672,'Wayne County, Missouri'),(107,'Jackson',29,604.5720754,'Jackson County, Missouri'),(108,'Ozark',29,744.9711912,'Ozark County, Missouri'),(109,'Washington',29,759.8704411,'Washington County, Missouri'),(110,'Dunklin',29,541.0714999,'Dunklin County, Missouri'),(111,'McDonald',29,539.4799338,'McDonald County, Missouri'),(112,'New Madrid',29,674.8402247,'New Madrid County, Missouri'),(113,'St. Louis City',29,61.9531717,'St. Louis city, Missouri'),(114,'Mississippi',29,411.582961,'Mississippi County, Missouri'),(115,'Pemiscot',29,492.5202954,'Pemiscot County, Missouri');
/*!40000 ALTER TABLE `county` ENABLE KEYS */;
UNLOCK TABLES;

--
-- Table structure for table `county_population`
--

DROP TABLE IF EXISTS `county_population`;
/*!40101 SET @saved_cs_client     = @@character_set_client */;
/*!50503 SET character_set_client = utf8mb4 */;
CREATE TABLE `county_population` (
  `year` year(4) NOT NULL,
  `id_county` int(11) NOT NULL,
  `population` int(11) DEFAULT NULL,
  PRIMARY KEY (`year`,`id_county`),
  KEY `counties_idx` (`id_county`),
  CONSTRAINT `counties` FOREIGN KEY (`id_county`) REFERENCES `county` (`county_id`)
) ENGINE=InnoDB DEFAULT CHARSET=utf8mb4 COLLATE=utf8mb4_0900_ai_ci;
/*!40101 SET character_set_client = @saved_cs_client */;

--
-- Dumping data for table `county_population`
--

LOCK TABLES `county_population` WRITE;
/*!40000 ALTER TABLE `county_population` DISABLE KEYS */;
INSERT INTO `county_population` VALUES (1901,1,17332),(1901,2,21160),(1901,3,30141),(1901,4,16656),(1901,5,24315),(1901,6,26455),(1901,7,23636),(1901,8,26826),(1901,9,15383),(1901,10,18125),(1901,11,30581),(1901,12,12298),(1901,13,20554),(1901,14,24398),(1901,15,28054),(1901,16,17083),(1901,17,18337),(1901,18,21834),(1901,19,25712),(1901,20,27843),(1901,21,13479),(1901,22,31679),(1901,23,16724),(1901,24,25503),(1901,25,13574),(1901,26,9975),(1901,27,9616),(1901,28,14706),(1901,29,15187),(1901,30,19716),(1901,31,16571),(1901,32,27001),(1901,33,14096),(1901,34,15134),(1901,35,14194),(1901,36,23255),(1901,37,12287),(1901,38,24805),(1901,39,10359),(1901,40,11247),(1901,41,16167),(1901,42,24669),(1901,43,31619),(1901,44,16501),(1901,45,18253),(1901,46,16769),(1901,47,25984),(1901,48,16939),(1901,49,18903),(1901,50,20578),(1901,51,22532),(1901,52,12959),(1901,53,12986),(1901,54,16802),(1901,55,52713),(1901,56,16523),(1901,57,18352),(1901,58,22302),(1901,59,33018),(1901,60,32438),(1901,61,25744),(1901,62,16193),(1901,63,24442),(1901,64,24474),(1901,65,24051),(1901,66,13092),(1901,67,9892),(1901,68,10127),(1901,69,9919),(1901,70,9832),(1901,71,21728),(1901,72,25532),(1901,73,14650),(1901,74,28642),(1901,75,13113),(1901,76,16923),(1901,78,21325),(1901,79,17832),(1901,80,84018),(1901,81,31662),(1901,82,12175),(1901,83,32938),(1901,84,16688),(1901,85,17907),(1901,86,50040),(1901,87,10840),(1901,88,13232),(1901,89,17519),(1901,90,16556),(1901,91,6706),(1901,92,13903),(1901,93,14418),(1901,94,8716),(1901,95,15931),(1901,96,10394),(1901,97,8161),(1901,98,20282),(1901,99,22192),(1901,100,16640),(1901,101,121838),(1901,102,9985),(1901,103,13906),(1901,104,13186),(1901,105,33703),(1901,106,15309),(1901,107,195193),(1901,108,12145),(1901,109,14263),(1901,110,21706),(1901,111,26331),(1901,112,11280),(1901,113,575238),(1901,114,11837),(1901,115,12115),(1910,1,15282),(1910,2,21687),(1910,3,25869),(1910,4,14605),(1910,5,27621),(1910,6,23098),(1910,7,22973),(1910,8,23503),(1910,9,12811),(1910,10,15613),(1910,11,29830),(1910,12,12847),(1910,13,16820),(1910,14,20466),(1910,15,27242),(1910,16,14539),(1910,17,15653),(1910,18,21065),(1910,19,27878),(1910,20,26297),(1910,21,12403),(1910,22,30154),(1910,23,15514),(1910,24,25253),(1910,25,13539),(1910,26,11273),(1910,27,10088),(1910,28,12335),(1910,29,16717),(1910,30,18304),(1910,31,15604),(1910,32,27136),(1910,33,14283),(1910,34,14898),(1910,35,15796),(1910,36,21561),(1910,37,12913),(1910,38,21451),(1910,39,10607),(1910,40,11443),(1910,41,14864),(1910,42,27807),(1910,43,28827),(1910,44,13604),(1910,45,16747),(1910,46,20624),(1910,47,24400),(1910,48,15832),(1910,49,20302),(1910,50,21957),(1910,51,20311),(1910,52,13576),(1910,53,13245),(1910,54,16664),(1910,55,63831),(1910,56,17363),(1910,57,17033),(1910,58,19453),(1910,59,30868),(1910,60,33913),(1910,61,22556),(1910,62,14429),(1910,63,26182),(1910,64,24695),(1910,65,35738),(1910,66,22372),(1910,67,11559),(1910,68,9134),(1910,69,9123),(1910,70,8007),(1910,71,22700),(1910,72,23869),(1910,73,14576),(1910,74,30533),(1910,75,11582),(1910,76,16080),(1910,78,17605),(1910,79,16744),(1910,80,89673),(1910,81,26583),(1910,82,12863),(1910,83,28833),(1910,84,14308),(1910,85,16412),(1910,86,82417),(1910,87,9062),(1910,88,11869),(1910,89,18315),(1910,90,14881),(1910,91,5504),(1910,92,13181),(1910,93,12531),(1910,94,8563),(1910,95,14375),(1910,96,11438),(1910,97,9592),(1910,98,18598),(1910,99,21458),(1910,100,17377),(1910,101,93020),(1910,102,8741),(1910,103,14681),(1910,104,13099),(1910,105,29448),(1910,106,15181),(1910,107,283522),(1910,108,11926),(1910,109,13378),(1910,110,30328),(1910,111,30572),(1910,112,19488),(1910,113,687029),(1910,114,14557),(1910,115,19559),(1920,1,14075),(1920,2,20589),(1920,3,23933),(1920,4,13849),(1920,5,29839),(1920,6,20480),(1920,7,21536),(1920,8,21769),(1920,9,11874),(1920,10,14173),(1920,11,28427),(1920,12,12381),(1920,13,15634),(1920,14,19719),(1920,15,25116),(1920,16,14084),(1920,17,13997),(1920,18,21102),(1920,19,26555),(1920,20,24899),(1920,21,10783),(1920,22,30006),(1920,23,13465),(1920,24,24778),(1920,25,14690),(1920,26,10721),(1920,27,9500),(1920,28,11281),(1920,29,15567),(1920,30,16414),(1920,31,15233),(1920,32,24886),(1920,33,13559),(1920,34,14434),(1920,35,14941),(1920,36,20351),(1920,37,10412),(1920,38,20508),(1920,39,9809),(1920,40,11865),(1920,41,13617),(1920,42,29755),(1920,43,26069),(1920,44,13008),(1920,45,16879),(1920,46,24106),(1920,47,23007),(1920,48,15252),(1920,49,20455),(1920,50,24680),(1920,51,19308),(1920,52,12355),(1920,53,12318),(1920,54,15436),(1920,55,68698),(1920,56,16857),(1920,57,15956),(1920,58,18857),(1920,59,27518),(1920,60,35813),(1920,61,20345),(1920,62,13996),(1920,63,27633),(1920,64,22828),(1920,65,31403),(1920,66,23409),(1920,67,11941),(1920,68,8178),(1920,69,8490),(1920,70,7642),(1920,71,21404),(1920,72,23473),(1920,73,13909),(1920,74,29672),(1920,75,10474),(1920,76,13933),(1920,78,16641),(1920,79,17554),(1920,80,75941),(1920,81,24211),(1920,82,12015),(1920,83,27744),(1920,84,13115),(1920,85,15341),(1920,86,100737),(1920,87,8383),(1920,88,10700),(1920,89,17733),(1920,90,12989),(1920,91,7482),(1920,92,12033),(1920,93,11694),(1920,94,9458),(1920,95,13532),(1920,96,10490),(1920,97,10106),(1920,98,17781),(1920,99,20548),(1920,100,16609),(1920,101,93684),(1920,102,7033),(1920,103,12889),(1920,104,12061),(1920,105,28826),(1920,106,13012),(1920,107,367846),(1920,108,11125),(1920,109,13803),(1920,110,32773),(1920,111,30226),(1920,112,25180),(1920,113,772897),(1920,114,12860),(1920,115,26634),(1930,1,13469),(1930,2,22077),(1930,3,22068),(1930,4,12509),(1930,5,33203),(1930,6,19940),(1930,7,20962),(1930,8,19588),(1930,9,10254),(1930,10,11764),(1930,11,30519),(1930,12,12172),(1930,13,14348),(1930,14,17233),(1930,15,22931),(1930,16,12720),(1930,17,13490),(1930,18,19672),(1930,19,27563),(1930,20,22413),(1930,21,9658),(1930,22,29259),(1930,23,12093),(1930,24,23339),(1930,25,13936),(1930,26,9418),(1930,27,8368),(1930,28,9350),(1930,29,16728),(1930,30,13466),(1930,31,13011),(1930,32,26959),(1930,33,12462),(1930,34,13707),(1930,35,15308),(1930,36,17803),(1930,37,10704),(1930,38,19846),(1930,39,10097),(1930,40,10894),(1930,41,11983),(1930,42,27452),(1930,43,25031),(1930,44,13421),(1930,45,14560),(1930,46,23697),(1930,47,19923),(1930,48,13169),(1930,49,26811),(1930,50,30848),(1930,51,19522),(1930,52,11287),(1930,53,10974),(1930,54,13959),(1930,55,82929),(1930,56,16320),(1930,57,13929),(1930,58,18615),(1930,59,23070),(1930,60,34664),(1930,61,18001),(1930,62,13819),(1930,63,26431),(1930,64,24354),(1930,65,35832),(1930,66,24913),(1930,67,11614),(1930,68,8867),(1930,69,8082),(1930,70,6535),(1930,71,19436),(1930,72,22803),(1930,73,12269),(1930,74,30995),(1930,75,9142),(1930,76,11136),(1930,78,14424),(1930,79,16135),(1930,80,73810),(1930,81,23774),(1930,82,10968),(1930,83,26371),(1930,84,11503),(1930,85,13289),(1930,86,211593),(1930,87,6951),(1930,88,8853),(1930,89,16741),(1930,90,11708),(1930,91,5503),(1930,92,10541),(1930,93,10270),(1930,94,9642),(1930,95,12173),(1930,96,10755),(1930,97,8923),(1930,98,15212),(1930,99,18580),(1930,100,16148),(1930,101,98633),(1930,102,6430),(1930,103,12220),(1930,104,11176),(1930,105,30598),(1930,106,12243),(1930,107,470454),(1930,108,9537),(1930,109,14450),(1930,110,35799),(1930,111,33493),(1930,112,30262),(1930,113,821960),(1930,114,15762),(1930,115,37284),(1940,1,13015),(1940,2,22673),(1940,3,19531),(1940,4,11629),(1940,5,37775),(1940,6,17814),(1940,7,19534),(1940,8,18084),(1940,9,10166),(1940,10,11248),(1940,11,33868),(1940,12,12414),(1940,13,13359),(1940,14,16525),(1940,15,22313),(1940,16,12476),(1940,17,13026),(1940,18,22270),(1940,19,32023),(1940,20,21617),(1940,21,8878),(1940,22,27856),(1940,23,11490),(1940,24,21416),(1940,25,15749),(1940,26,9656),(1940,27,8638),(1940,28,8766),(1940,29,14798),(1940,30,13195),(1940,31,12442),(1940,32,29039),(1940,33,12375),(1940,34,15358),(1940,35,17437),(1940,36,17400),(1940,37,10040),(1940,38,18584),(1940,39,10905),(1940,40,11831),(1940,41,11224),(1940,42,33009),(1940,43,25586),(1940,44,12897),(1940,45,14148),(1940,46,34276),(1940,47,23094),(1940,48,13538),(1940,49,30417),(1940,50,34912),(1940,51,18075),(1940,52,12693),(1940,53,11763),(1940,54,15600),(1940,55,90541),(1940,56,18718),(1940,57,14395),(1940,58,18000),(1940,59,21396),(1940,60,33336),(1940,61,18327),(1940,62,13862),(1940,63,24458),(1940,64,25562),(1940,65,35950),(1940,66,30377),(1940,67,11298),(1940,68,10323),(1940,69,7734),(1940,70,6345),(1940,71,20246),(1940,72,23546),(1940,73,12898),(1940,74,34991),(1940,75,8971),(1940,76,11697),(1940,78,13398),(1940,79,15716),(1940,80,78705),(1940,81,24637),(1940,82,11140),(1940,83,25556),(1940,84,11327),(1940,85,13146),(1940,86,274230),(1940,87,6627),(1940,88,8557),(1940,89,17967),(1940,90,11142),(1940,91,6226),(1940,92,11523),(1940,93,9751),(1940,94,10440),(1940,95,11775),(1940,96,10775),(1940,97,9370),(1940,98,13701),(1940,99,19813),(1940,100,17226),(1940,101,94067),(1940,102,6506),(1940,103,13390),(1940,104,12606),(1940,105,29416),(1940,106,12794),(1940,107,477828),(1940,108,10766),(1940,109,17492),(1940,110,44957),(1940,111,31576),(1940,112,39787),(1940,113,816048),(1940,114,23149),(1940,115,46857),(1950,1,11727),(1950,2,23829),(1950,3,17534),(1950,4,9929),(1950,5,38397),(1950,6,15589),(1950,7,19325),(1950,8,14944),(1950,9,9003),(1950,10,9324),(1950,11,36046),(1950,12,12342),(1950,13,11036),(1950,14,14107),(1950,15,20043),(1950,16,9833),(1950,17,11857),(1950,18,22725),(1950,19,38007),(1950,20,20716),(1950,21,7617),(1950,22,25272),(1950,23,10733),(1950,24,18865),(1950,25,14144),(1950,26,10380),(1950,27,7423),(1950,28,7235),(1950,29,13734),(1950,30,11314),(1950,31,11555),(1950,32,28240),(1950,33,11301),(1950,34,14890),(1950,35,21504),(1950,36,16062),(1950,37,8686),(1950,38,15932),(1950,39,11237),(1950,40,8377),(1950,41,9730),(1950,42,33463),(1950,43,22685),(1950,44,11127),(1950,45,12678),(1950,46,37707),(1950,47,23316),(1950,48,12412),(1950,49,45221),(1950,50,35464),(1950,51,16608),(1950,52,11615),(1950,53,10936),(1950,54,12638),(1950,55,104823),(1950,56,19010),(1950,57,13478),(1950,58,16532),(1950,59,18332),(1950,60,31577),(1950,61,16844),(1950,62,14973),(1950,63,22918),(1950,64,29834),(1950,65,35276),(1950,66,32842),(1950,67,9748),(1950,68,9863),(1950,69,7666),(1950,70,5120),(1950,71,19689),(1950,72,21755),(1950,73,11019),(1950,74,48432),(1950,75,7861),(1950,76,10663),(1950,78,11180),(1950,79,13220),(1950,80,79106),(1950,81,23420),(1950,82,10207),(1950,83,24033),(1950,84,9166),(1950,85,10482),(1950,86,406349),(1950,87,5760),(1950,88,7332),(1950,89,15834),(1950,90,9080),(1950,91,4777),(1950,92,10392),(1950,93,8047),(1950,94,9458),(1950,95,10840),(1950,96,10392),(1950,97,6918),(1950,98,11299),(1950,99,18992),(1950,100,15072),(1950,101,96826),(1950,102,5387),(1950,103,11978),(1950,104,11414),(1950,105,26694),(1950,106,10514),(1950,107,541035),(1950,108,8856),(1950,109,14689),(1950,110,45329),(1950,111,29765),(1950,112,39444),(1950,113,856796),(1950,114,22551),(1950,115,45624),(1960,1,11062),(1960,2,26079),(1960,3,15905),(1960,4,8830),(1960,5,42020),(1960,6,13847),(1960,7,29702),(1960,8,12720),(1960,9,8725),(1960,10,7577),(1960,11,44566),(1960,12,12195),(1960,13,8793),(1960,14,11603),(1960,15,19226),(1960,16,7885),(1960,17,10859),(1960,18,22027),(1960,19,66377),(1960,20,28981),(1960,21,6558),(1960,22,25274),(1960,23,10984),(1960,24,16815),(1960,25,11798),(1960,26,9366),(1960,27,7282),(1960,28,5750),(1960,29,13800),(1960,30,10688),(1960,31,11097),(1960,32,30093),(1960,33,10867),(1960,34,14642),(1960,35,25396),(1960,36,13753),(1960,37,8078),(1960,38,16075),(1960,39,12116),(1960,40,7087),(1960,41,9063),(1960,42,29490),(1960,43,20540),(1960,44,9213),(1960,45,11113),(1960,46,34656),(1960,47,23858),(1960,48,12359),(1960,49,87474),(1960,50,40761),(1960,51,15448),(1960,52,12647),(1960,53,10445),(1960,54,9653),(1960,55,126276),(1960,56,18991),(1960,57,14783),(1960,58,15771),(1960,59,16473),(1960,60,35120),(1960,61,16706),(1960,62,23350),(1960,63,22014),(1960,64,52970),(1960,65,36516),(1960,66,32748),(1960,67,8176),(1960,68,10238),(1960,69,8750),(1960,70,3936),(1960,71,20105),(1960,72,18921),(1960,73,9167),(1960,74,55202),(1960,75,9116),(1960,76,9185),(1960,78,9502),(1960,79,12220),(1960,80,78863),(1960,81,23260),(1960,82,9476),(1960,83,22215),(1960,84,6999),(1960,85,8421),(1960,86,703532),(1960,87,5052),(1960,88,6484),(1960,89,14183),(1960,90,8737),(1960,91,3973),(1960,92,9314),(1960,93,7226),(1960,94,8041),(1960,95,10500),(1960,96,46567),(1960,97,5161),(1960,98,8783),(1960,99,17758),(1960,100,13753),(1960,101,90581),(1960,102,4516),(1960,103,9845),(1960,104,9096),(1960,105,25148),(1960,106,8638),(1960,107,622732),(1960,108,6744),(1960,109,14346),(1960,110,39139),(1960,111,29522),(1960,112,31350),(1960,113,750026),(1960,114,20695),(1960,115,38095),(1970,1,11913),(1970,2,25362),(1970,3,15468),(1970,4,8351),(1970,5,49350),(1970,6,12565),(1970,7,39448),(1970,8,11084),(1970,9,8260),(1970,10,6850),(1970,11,55127),(1970,12,11878),(1970,13,8060),(1970,14,10257),(1970,15,18451),(1970,16,6654),(1970,17,10561),(1970,18,23521),(1970,19,105647),(1970,20,34172),(1970,21,5692),(1970,22,26626),(1970,23,10993),(1970,24,15125),(1970,25,12357),(1970,26,8641),(1970,27,6851),(1970,28,4910),(1970,29,15026),(1970,30,9542),(1970,31,11000),(1970,32,32901),(1970,33,10994),(1970,34,14393),(1970,35,29481),(1970,36,15415),(1970,37,7764),(1970,38,17599),(1970,39,12867),(1970,40,7196),(1970,41,7906),(1970,42,25771),(1970,43,19065),(1970,44,9240),(1970,45,10431),(1970,46,33529),(1970,47,25850),(1970,48,15124),(1970,49,123702),(1970,50,46228),(1970,51,14732),(1970,52,14828),(1970,53,11457),(1970,54,9268),(1970,55,152929),(1970,56,19944),(1970,57,18041),(1970,58,15368),(1970,59,15432),(1970,60,34137),(1970,61,16928),(1970,62,32081),(1970,63,22434),(1970,64,92954),(1970,65,36818),(1970,66,33250),(1970,67,9921),(1970,68,13023),(1970,69,9699),(1970,70,3359),(1970,71,22472),(1970,72,19597),(1970,73,8820),(1970,74,80911),(1970,75,13315),(1970,76,9424),(1970,78,8420),(1970,79,11819),(1970,80,79852),(1970,81,24585),(1970,82,10068),(1970,83,22467),(1970,84,5916),(1970,85,7667),(1970,86,951671),(1970,87,4665),(1970,88,5499),(1970,89,13667),(1970,90,9695),(1970,91,3878),(1970,92,10054),(1970,93,7305),(1970,94,9529),(1970,95,10742),(1970,96,53781),(1970,97,6106),(1970,98,7572),(1970,99,18320),(1970,100,15562),(1970,101,86915),(1970,102,4481),(1970,103,9180),(1970,104,9803),(1970,105,24633),(1970,106,8546),(1970,107,654178),(1970,108,6226),(1970,109,15086),(1970,110,33742),(1970,111,28121),(1970,112,23420),(1970,113,622236),(1970,114,16647),(1970,115,26373),(1980,1,13980),(1980,2,26458),(1980,3,15873),(1980,4,8660),(1980,5,58837),(1980,6,12131),(1980,7,51029),(1980,8,10489),(1980,9,8493),(1980,10,7383),(1980,11,71233),(1980,12,13181),(1980,13,7887),(1980,14,9890),(1980,15,19672),(1980,16,6882),(1980,17,10008),(1980,18,28807),(1980,19,146183),(1980,20,39059),(1980,21,5508),(1980,22,29925),(1980,23,10901),(1980,24,15495),(1980,25,14917),(1980,26,10725),(1980,27,7551),(1980,28,4685),(1980,29,18532),(1980,30,9716),(1980,31,11537),(1980,32,40555),(1980,33,12014),(1980,34,16784),(1980,35,33633),(1980,36,18822),(1980,37,8984),(1980,38,21378),(1980,39,15180),(1980,40,7885),(1980,41,7826),(1980,42,29009),(1980,43,19806),(1980,44,8605),(1980,45,11292),(1980,46,37693),(1980,47,32252),(1980,48,22402),(1980,49,136488),(1980,50,56663),(1980,51,14643),(1980,52,18300),(1980,53,14517),(1980,54,11594),(1980,55,185302),(1980,56,24323),(1980,57,22193),(1980,58,15739),(1980,59,16313),(1980,60,36378),(1980,61,17568),(1980,62,46341),(1980,63,25460),(1980,64,144107),(1980,65,42600),(1980,66,39647),(1980,67,15587),(1980,68,20467),(1980,69,14900),(1980,70,3008),(1980,71,24870),(1980,72,24408),(1980,73,10301),(1980,74,100376),(1980,75,20017),(1980,76,11894),(1980,78,8905),(1980,79,11959),(1980,80,86958),(1980,81,29973),(1980,82,13807),(1980,83,21996),(1980,84,6092),(1980,85,8622),(1980,86,974177),(1980,87,4979),(1980,88,5415),(1980,89,16188),(1980,90,12183),(1980,91,5428),(1980,92,12096),(1980,93,8222),(1980,94,11084),(1980,95,12068),(1980,96,42011),(1980,97,7230),(1980,98,7434),(1980,99,21070),(1980,100,20414),(1980,101,87888),(1980,102,6367),(1980,103,10238),(1980,104,12458),(1980,105,24919),(1980,106,11277),(1980,107,629266),(1980,108,7961),(1980,109,17983),(1980,110,36324),(1980,111,28638),(1980,112,22945),(1980,113,452804),(1980,114,15726),(1980,115,24987),(1990,1,14632),(1990,2,23599),(1990,3,15025),(1990,4,8380),(1990,5,61633),(1990,6,10748),(1990,7,63808),(1990,8,9202),(1990,9,7547),(1990,10,7449),(1990,11,80603),(1990,12,14006),(1990,13,6848),(1990,14,8469),(1990,15,20044),(1990,16,6034),(1990,17,9631),(1990,18,31447),(1990,19,171380),(1990,20,42514),(1990,21,4482),(1990,22,31107),(1990,23,10233),(1990,24,13885),(1990,25,16938),(1990,26,11127),(1990,27,7976),(1990,28,3723),(1990,29,20700),(1990,30,9104),(1990,31,11355),(1990,32,44445),(1990,33,12018),(1990,34,16648),(1990,35,35248),(1990,36,21826),(1990,37,8476),(1990,38,21971),(1990,39,16037),(1990,40,7613),(1990,41,6942),(1990,42,28895),(1990,43,19041),(1990,44,7457),(1990,45,11312),(1990,46,38765),(1990,47,32809),(1990,48,32644),(1990,49,153411),(1990,50,63579),(1990,51,14835),(1990,52,19173),(1990,53,13702),(1990,54,11876),(1990,55,207949),(1990,56,27158),(1990,57,28892),(1990,58,14592),(1990,59,15345),(1990,60,35437),(1990,61,15969),(1990,62,57867),(1990,63,24370),(1990,64,212907),(1990,65,48904),(1990,66,39376),(1990,67,19078),(1990,68,25561),(1990,69,19534),(1990,70,2440),(1990,71,24577),(1990,72,27547),(1990,73,10619),(1990,74,112379),(1990,75,27495),(1990,76,12093),(1990,78,7865),(1990,79,10536),(1990,80,90465),(1990,81,30236),(1990,82,15574),(1990,83,21709),(1990,84,5079),(1990,85,8457),(1990,86,993529),(1990,87,4236),(1990,88,4822),(1990,89,16758),(1990,90,13859),(1990,91,5515),(1990,92,12646),(1990,93,9967),(1990,94,10726),(1990,95,12298),(1990,96,41307),(1990,97,6661),(1990,98,6326),(1990,99,21476),(1990,100,23753),(1990,101,83083),(1990,102,7335),(1990,103,9470),(1990,104,12303),(1990,105,23523),(1990,106,11543),(1990,107,633232),(1990,108,8598),(1990,109,20380),(1990,110,33112),(1990,111,27682),(1990,112,20928),(1990,113,396685),(1990,114,14442),(1990,115,21921),(2000,1,16492),(2000,2,25853),(2000,3,16653),(2000,4,8969),(2000,5,68693),(2000,6,10285),(2000,7,82092),(2000,8,8438),(2000,9,7416),(2000,10,7923),(2000,11,93807),(2000,12,15342),(2000,13,6861),(2000,14,8850),(2000,15,21997),(2000,16,5351),(2000,17,10212),(2000,18,37238),(2000,19,198099),(2000,20,48258),(2000,21,4361),(2000,22,32960),(2000,23,10494),(2000,24,13754),(2000,25,21681),(2000,26,11800),(2000,27,8903),(2000,28,3757),(2000,29,23564),(2000,30,9311),(2000,31,12136),(2000,32,52636),(2000,33,13062),(2000,34,18132),(2000,35,39825),(2000,36,26992),(2000,37,9626),(2000,38,23354),(2000,39,17842),(2000,40,8324),(2000,41,6799),(2000,42,29705),(2000,43,20454),(2000,44,6430),(2000,45,12541),(2000,46,40867),(2000,47,40766),(2000,48,54285),(2000,49,184006),(2000,50,71397),(2000,51,16670),(2000,52,22804),(2000,53,14927),(2000,54,13084),(2000,55,240391),(2000,56,32513),(2000,57,38944),(2000,58,14558),(2000,59,15762),(2000,60,39403),(2000,61,18351),(2000,62,73781),(2000,63,24663),(2000,64,283883),(2000,65,55641),(2000,66,40422),(2000,67,28658),(2000,68,39703),(2000,69,24525),(2000,70,2382),(2000,71,24977),(2000,72,34010),(2000,73,12029),(2000,74,135454),(2000,75,37051),(2000,76,13733),(2000,78,8016),(2000,79,10432),(2000,80,104686),(2000,81,35204),(2000,82,19309),(2000,83,21912),(2000,84,5223),(2000,85,9652),(2000,86,1016315),(2000,87,4170),(2000,88,4983),(2000,89,17955),(2000,90,17180),(2000,91,5941),(2000,92,15661),(2000,93,11597),(2000,94,10697),(2000,95,14827),(2000,96,41165),(2000,97,6689),(2000,98,7219),(2000,99,23003),(2000,100,31045),(2000,101,85998),(2000,102,8940),(2000,103,10344),(2000,104,13509),(2000,105,23756),(2000,106,13259),(2000,107,654880),(2000,108,9542),(2000,109,23344),(2000,110,33155),(2000,111,28289),(2000,112,19760),(2000,113,348189),(2000,114,13427),(2000,115,20047),(2010,1,17347),(2010,2,25868),(2010,3,16513),(2010,4,9057),(2010,5,78089),(2010,6,9009),(2010,7,101324),(2010,8,7615),(2010,9,6860),(2010,10,7590),(2010,11,102063),(2010,12,14875),(2010,13,6745),(2010,14,8649),(2010,15,21930),(2010,16,4537),(2010,17,10148),(2010,18,40265),(2010,19,222453),(2010,20,54229),(2010,21,3997),(2010,22,32789),(2010,23,10146),(2010,24,12319),(2010,25,22720),(2010,26,12403),(2010,27,8987),(2010,28,3702),(2010,29,25011),(2010,30,8642),(2010,31,11820),(2010,32,18229),(2010,33,13704),(2010,34,19152),(2010,35,44833),(2010,36,31113),(2010,37,10225),(2010,38,22921),(2010,39,17937),(2010,40,8256),(2010,41,6148),(2010,42,29788),(2010,43,20836),(2010,44,5380),(2010,45,12075),(2010,46,42887),(2010,47,44693),(2010,48,82053),(2010,49,233135),(2010,50,76603),(2010,51,17613),(2010,52,24545),(2010,53,15578),(2010,54,13467),(2010,55,285449),(2010,56,35505),(2010,57,54286),(2010,58,15057),(2010,59,15399),(2010,60,42193),(2010,61,18475),(2010,62,94970),(2010,63,25081),(2010,64,379856),(2010,65,66230),(2010,66,38994),(2010,67,31197),(2010,68,53853),(2010,69,33290),(2010,70,2061),(2010,71,25547),(2010,72,35716),(2010,73,12282),(2010,74,172773),(2010,75,44152),(2010,76,13932),(2010,78,8257),(2010,79,10231),(2010,80,117376),(2010,81,38204),(2010,82,20182),(2010,83,23026),(2010,84,4877),(2010,85,9444),(2010,86,1000560),(2010,87,4396),(2010,88,4893),(2010,89,18378),(2010,90,18825),(2010,91,6249),(2010,92,16508),(2010,93,12706),(2010,94,10220),(2010,95,15840),(2010,96,53302),(2010,97,6530),(2010,98,6416),(2010,99,25690),(2010,100,37075),(2010,101,89415),(2010,102,9267),(2010,103,10922),(2010,104,13936),(2010,105,23214),(2010,106,13341),(2010,107,683643),(2010,108,9450),(2010,109,25002),(2010,110,31271),(2010,111,28858),(2010,113,316030),(2010,114,14112),(2010,115,17599);
/*!40000 ALTER TABLE `county_population` ENABLE KEYS */;
UNLOCK TABLES;

--
-- Table structure for table `state`
--

DROP TABLE IF EXISTS `state`;
/*!40101 SET @saved_cs_client     = @@character_set_client */;
/*!50503 SET character_set_client = utf8mb4 */;
CREATE TABLE `state` (
  `state_id` int(11) NOT NULL AUTO_INCREMENT,
  `name` varchar(45) DEFAULT NULL,
  `area` double DEFAULT NULL,
  `year_made_state` int(11) DEFAULT NULL,
  `abreviation` varchar(2) DEFAULT NULL,
  PRIMARY KEY (`state_id`),
  UNIQUE KEY `state_id_UNIQUE` (`state_id`)
) ENGINE=InnoDB AUTO_INCREMENT=51 DEFAULT CHARSET=utf8mb4 COLLATE=utf8mb4_0900_ai_ci;
/*!40101 SET character_set_client = @saved_cs_client */;

--
-- Dumping data for table `state`
--

LOCK TABLES `state` WRITE;
/*!40000 ALTER TABLE `state` DISABLE KEYS */;
INSERT INTO `state` VALUES (1,'Alabama',52420.07,1819,'AL'),(2,'Alaska',665381.04,1959,'AK'),(3,'Arizona',113990.3,1912,'AZ'),(4,'Arkansas',53178.55,1836,'AK'),(5,'California',163694.74,1850,'CA'),(6,'Colorado',104093.67,1876,'CO'),(7,'Connecticut',5543.41,1788,'CN'),(8,'Delaware',2488.72,1787,'DE'),(9,'Florida',65757.7,1845,'FL'),(10,'Georgia',59425.15,1788,'GA'),(11,'Hawaii',10931.72,1959,'HI'),(12,'Idaho',83568.95,1890,'ID'),(13,'Illinois',57913.55,1818,'IL'),(14,'Indiana',36419.55,1816,'IN'),(15,'Iowa',56727.81,1846,'IA'),(16,'Kansas',82278.36,1861,'KS'),(17,'Kentucky',40407.8,1792,'KY'),(18,'Louisiana',52378.13,1812,'LA'),(19,'Maine',35379.74,1820,'ME'),(20,'Maryland',12405.93,1788,'MD'),(21,'Massachusetts',10554.39,1788,'MS'),(22,'Michigan',96713.52,1837,'MI'),(23,'Minnesota',89935.83,1858,'MN'),(24,'Mississippi',48431.78,1817,'MS'),(25,'Montana',147039.72,1889,'MT'),(26,'Nebraska',77347.81,1867,'NE'),(27,'Nevada',110571.82,1864,'NV'),(28,'New Hampshire',9349.16,1788,'NH'),(29,'Missouri',67715,1821,'MO'),(30,'New Jersey',8722.58,1787,'NJ'),(31,'New Mexico',121590.3,1912,'NM'),(32,'New York',54554.98,1788,'NY'),(33,'North Carolina',53819.16,1789,'NC'),(34,'North Dakota',70698.32,1889,'ND'),(35,'Ohio',44825.58,1803,'OH'),(36,'Oklahoma',69898.87,1907,'OK'),(37,'Oregon',98378.54,1859,'OR'),(38,'Pennsylvania',46054.34,1787,'PN'),(39,'Rhode Island',1544.89,1790,'RI'),(40,'South Carolina',32020.49,1788,'SC'),(41,'South Dakota',77115.68,1889,'SD'),(42,'Tennessee',42144.25,1796,'TN'),(43,'Texas',268596.46,1845,'TX'),(44,'Utah',84896.88,1896,'UT'),(45,'Vermont',9616.36,1791,'VT'),(46,'Virginia',42774.93,1788,'VI'),(47,'Washington',71297.95,1889,'WA'),(48,'West Virginia',24230.04,1863,'WV'),(49,'Wisconsin',65496.38,1848,'WI'),(50,'Wyoming',97813.01,1890,'WY');
/*!40000 ALTER TABLE `state` ENABLE KEYS */;
UNLOCK TABLES;

--
-- Table structure for table `state_population`
--

DROP TABLE IF EXISTS `state_population`;
/*!40101 SET @saved_cs_client     = @@character_set_client */;
/*!50503 SET character_set_client = utf8mb4 */;
CREATE TABLE `state_population` (
  `year` year(4) NOT NULL,
  `id_state` int(11) NOT NULL,
  `population` int(11) DEFAULT NULL,
  PRIMARY KEY (`year`,`id_state`),
  KEY `states1_idx` (`id_state`),
  CONSTRAINT `states1` FOREIGN KEY (`id_state`) REFERENCES `state` (`state_id`)
) ENGINE=InnoDB DEFAULT CHARSET=utf8mb4 COLLATE=utf8mb4_0900_ai_ci;
/*!40101 SET character_set_client = @saved_cs_client */;

--
-- Dumping data for table `state_population`
--

LOCK TABLES `state_population` WRITE;
/*!40000 ALTER TABLE `state_population` DISABLE KEYS */;
INSERT INTO `state_population` VALUES (1901,29,3106665),(1910,29,3293335),(1920,29,3404055),(1930,29,3629367),(1940,29,3784664),(1950,29,3954653),(1960,29,4319813),(1970,29,4677229),(1980,29,4916766),(1990,29,5117073),(2000,29,5595211),(2010,29,6059651);
/*!40000 ALTER TABLE `state_population` ENABLE KEYS */;
UNLOCK TABLES;
/*!40103 SET TIME_ZONE=@OLD_TIME_ZONE */;

/*!40101 SET SQL_MODE=@OLD_SQL_MODE */;
/*!40014 SET FOREIGN_KEY_CHECKS=@OLD_FOREIGN_KEY_CHECKS */;
/*!40014 SET UNIQUE_CHECKS=@OLD_UNIQUE_CHECKS */;
/*!40101 SET CHARACTER_SET_CLIENT=@OLD_CHARACTER_SET_CLIENT */;
/*!40101 SET CHARACTER_SET_RESULTS=@OLD_CHARACTER_SET_RESULTS */;
/*!40101 SET COLLATION_CONNECTION=@OLD_COLLATION_CONNECTION */;
/*!40111 SET SQL_NOTES=@OLD_SQL_NOTES */;

-- Dump completed on 2020-01-17 15:11:27
